Apache/Apache.pm
Apache/Changes
Apache/Log/Changes
Apache/Log/Log.pm
Apache/Log/MANIFEST
Apache/Log/Makefile
Apache/Log/Makefile.PL
Apache/Log/test.pl
Apache/MANIFEST
Apache/Makefile
Apache/Makefile.PL
Apache/User/Changes
Apache/User/MANIFEST
Apache/User/Makefile
Apache/User/Makefile.PL
Apache/User/User.pm
Apache/User/test.pl
Apache/test.pl
Changes
DB/Changes
DB/DB.pm
DB/MANIFEST
DB/Makefile
DB/Makefile.PL
DB/MySQL/Changes
DB/MySQL/MANIFEST
DB/MySQL/Makefile
DB/MySQL/Makefile.PL
DB/MySQL/MySQL.pm
DB/MySQL/idea.pl
DB/MySQL/test.pl
DB/Oracle/Changes
DB/Oracle/MANIFEST
DB/Oracle/Makefile
DB/Oracle/Makefile.PL
DB/Oracle/Oracle.pm
DB/Oracle/test.pl
DB/PostgreSQL/Changes
DB/PostgreSQL/MANIFEST
DB/PostgreSQL/Makefile
DB/PostgreSQL/Makefile.PL
DB/PostgreSQL/PostgreSQL.pm
DB/PostgreSQL/test.pl
DB/Static/Makefile
DB/Static/Makefile.PL
DB/Static/MySQL/Changes
DB/Static/MySQL/MANIFEST
DB/Static/MySQL/Makefile
DB/Static/MySQL/Makefile.PL
DB/Static/MySQL/MySQL.pm
DB/Static/MySQL/test.pl
DB/Static/Oracle/Changes
DB/Static/Oracle/MANIFEST
DB/Static/Oracle/Makefile
DB/Static/Oracle/Makefile.PL
DB/Static/Oracle/Oracle.pm
DB/Static/Oracle/test.pl
DB/Static/PostgreSQL/Changes
DB/Static/PostgreSQL/MANIFEST
DB/Static/PostgreSQL/Makefile
DB/Static/PostgreSQL/Makefile.PL
DB/Static/PostgreSQL/PostgreSQL.pm
DB/Static/PostgreSQL/test.pl
DB/Utility/Changes
DB/Utility/MANIFEST
DB/Utility/Makefile
DB/Utility/Makefile.PL
DB/Utility/Utility.pm
DB/Utility/test.pl
Display/Display.pm
Display/MANIFEST
Display/Makefile
Display/Makefile.PL
Display/Plugin/MANIFEST
Display/Plugin/Makefile
Display/Plugin/Makefile.PL
Display/Plugin/Plugin.pm
Display/Provider/MANIFEST
Display/Provider/Makefile
Display/Provider/Makefile.PL
Display/Provider/Provider.pm
MANIFEST
Makefile.PL
Slash.pm
Utility/Changes
Utility/MANIFEST
Utility/Makefile
Utility/Makefile.PL
Utility/Utility.pm
Utility/test.pl
